<?xml version="1.0" encoding="UTF-8"?>
<templates id="template" xml:space="preserve">

    <t t-name="point_of_sale.ErrorPopup">
            <div class="popup popup-error">
                <div class="modal-header">
                    <h4 class="modal-title title">
                        <t t-esc="props.title" />
                    </h4>
                </div>
                <main class="modal-body">
                    <t t-esc="props.body" />
                </main>
                <div class="footer modal-footer">
                    <div class="button cancel btn btn-lg btn-primary " t-on-click="confirm">
                        <t t-esc="props.confirmText" />
                    </div>
                </div>
            </div>
    </t>

</templates>
