<?xml version="1.0" encoding="UTF-8"?>
<templates id="template" xml:space="preserve">

    <t t-name="point_of_sale.ErrorBarcodePopup">
        <div class="popup popup-barcode">
            <header class="title drag-handle modal-header">
                <h5 class="modal-title">Unknown Barcode: <span class="fst-italic" t-esc="props.code"/>
                </h5>
            </header>
            <main class="modal-body">
                <t t-esc="translatedMessage" />
            </main>
            <footer class="footer modal-footer">
                <button type="button" class="btn btn-primary" t-on-click="confirm">Ok</button>
            </footer>
        </div>
    </t>

</templates>
