<?xml version="1.0" encoding="UTF-8" ?>
<templates xml:space="preserve">

    <t t-name="stock.ForecastedWarehouseFilter">
        <Dropdown t-if="displayWarehouseFilter" menuClass="o_filter_menu"
        class="'btn-group'" togglerClass="'btn btn-secondary'">
            <t t-set-slot="toggler">
                <span class="fa fa-home"/> Warehouse: <t t-out="activeWarehouse.name"/>
            </t>
            <t t-foreach="warehouses" t-as="wh" t-key='wh.id'>
                <DropdownItem onSelected="() => this._onSelected(wh.id)"><t t-out="wh.name"/></DropdownItem>
            </t>
        </Dropdown>
    </t>

</templates>
