<?xml version="1.0" encoding="UTF-8"?>
<templates id="template" xml:space="preserve">

    <t t-name="point_of_sale.OfflineErrorPopup">
        <div class="popup offline">
            <div class="modal-header">
                <h4 class="modal-title title">
                    <t t-esc="props.title" />
                </h4>
            </div>
            <main class="modal-body">
                <t t-esc=" props.body" />
            </main>
            <footer class="footer footer-flex modal-footer">
                <div class="button dont-show-again highlight btn btn-lg btn-primary w-auto" t-on-click="confirm">
                    <t t-esc="props.confirmText" />
                </div>
            </footer>
        </div>
    </t>

</templates>
